{
  "total": 3858,
  "ties": 2736,
  "decisive_total": 1122,
  "selected_correct_total": 2416,
  "selected_correct_decisive": 804,
  "routing_correct": 780,
  "selection_accuracy": 0.6262312078797304,
  "selection_accuracy_decisive": 0.7165775401069518,
  "routing_accuracy": 0.6951871657754011,
  "strong_selected": 3031,
  "weak_selected": 827,
  "avg_winrate": 0.5005132842320368,
  "winrate_std": 0.0004315583703199966,
  "total_cost": 126.61788055999992,
  "avg_cost": 0.03281956468636597,
  "indomain_avg": 0.6376271694316749,
  "ood_avg": 0.8096491228070176,
  "indomain_sample_avg": 0.6148127753303965,
  "ood_sample_avg": 0.8097345132743363,
  "all_dataset_avg": 0.6773245432875232,
  "sample_avg": 0.6262312078797304,
  "indomain_total_cost": 118.13166556,
  "indomain_avg_cost": 11.813166556,
  "ood_total_cost": 8.486215000000001,
  "ood_avg_cost": 2.828738333333334,
  "datasets": {
    "aime": {
      "total": 18,
      "ties": 15,
      "decisive_total": 3,
      "selected_correct_total": 15,
      "selected_correct_decisive": 2,
      "routing_correct": 2,
      "selection_accuracy": 0.8333333333333334,
      "selection_accuracy_decisive": 0.6666666666666666,
      "routing_accuracy": 0.6666666666666666,
      "strong_selected": 18,
      "weak_selected": 0,
      "avg_winrate": 0.5007105403476291,
      "winrate_std": 4.773125120611854e-05,
      "total_cost": 1.8337275000000002,
      "avg_cost": 0.10187375000000001
    },
    "arc-agi": {
      "total": 120,
      "ties": 74,
      "decisive_total": 46,
      "selected_correct_total": 69,
      "selected_correct_decisive": 43,
      "routing_correct": 43,
      "selection_accuracy": 0.575,
      "selection_accuracy_decisive": 0.9347826086956522,
      "routing_accuracy": 0.9347826086956522,
      "strong_selected": 120,
      "weak_selected": 0,
      "avg_winrate": 0.500815371175607,
      "winrate_std": 2.520150767678663e-05,
      "total_cost": 15.676750499999995,
      "avg_cost": 0.13063958749999996
    },
    "arenahard_coding": {
      "total": 76,
      "ties": 39,
      "decisive_total": 37,
      "selected_correct_total": 63,
      "selected_correct_decisive": 30,
      "routing_correct": 24,
      "selection_accuracy": 0.8289473684210527,
      "selection_accuracy_decisive": 0.8108108108108109,
      "routing_accuracy": 0.6486486486486487,
      "strong_selected": 76,
      "weak_selected": 0,
      "avg_winrate": 0.500390821381619,
      "winrate_std": 0.00012150704771583997,
      "total_cost": 3.2609387500000007,
      "avg_cost": 0.04290708881578948
    },
    "arenahard_creative_writing": {
      "total": 75,
      "ties": 46,
      "decisive_total": 29,
      "selected_correct_total": 68,
      "selected_correct_decisive": 22,
      "routing_correct": 13,
      "selection_accuracy": 0.9066666666666666,
      "selection_accuracy_decisive": 0.7586206896551724,
      "routing_accuracy": 0.4482758620689655,
      "strong_selected": 75,
      "weak_selected": 0,
      "avg_winrate": 0.5003067596753439,
      "winrate_std": 9.781220212700208e-05,
      "total_cost": 2.3908912499999997,
      "avg_cost": 0.03187855
    },
    "arenahard_math": {
      "total": 75,
      "ties": 29,
      "decisive_total": 46,
      "selected_correct_total": 52,
      "selected_correct_decisive": 29,
      "routing_correct": 20,
      "selection_accuracy": 0.6933333333333334,
      "selection_accuracy_decisive": 0.6304347826086957,
      "routing_accuracy": 0.43478260869565216,
      "strong_selected": 75,
      "weak_selected": 0,
      "avg_winrate": 0.5004487212498983,
      "winrate_std": 0.00012940733034739015,
      "total_cost": 2.834385,
      "avg_cost": 0.0377918
    },
    "gpqa": {
      "total": 60,
      "ties": 37,
      "decisive_total": 23,
      "selected_correct_total": 47,
      "selected_correct_decisive": 19,
      "routing_correct": 19,
      "selection_accuracy": 0.7833333333333333,
      "selection_accuracy_decisive": 0.8260869565217391,
      "routing_accuracy": 0.8260869565217391,
      "strong_selected": 60,
      "weak_selected": 0,
      "avg_winrate": 0.5008158276478449,
      "winrate_std": 4.62765480774368e-05,
      "total_cost": 2.8403887500000002,
      "avg_cost": 0.0473398125
    },
    "hle": {
      "total": 648,
      "ties": 481,
      "decisive_total": 167,
      "selected_correct_total": 173,
      "selected_correct_decisive": 141,
      "routing_correct": 141,
      "selection_accuracy": 0.26697530864197533,
      "selection_accuracy_decisive": 0.844311377245509,
      "routing_accuracy": 0.844311377245509,
      "strong_selected": 648,
      "weak_selected": 0,
      "avg_winrate": 0.5009696383351161,
      "winrate_std": 0.00012748323032610258,
      "total_cost": 39.27241875,
      "avg_cost": 0.060605584490740744
    },
    "livecodebench": {
      "total": 317,
      "ties": 240,
      "decisive_total": 77,
      "selected_correct_total": 273,
      "selected_correct_decisive": 75,
      "routing_correct": 75,
      "selection_accuracy": 0.861198738170347,
      "selection_accuracy_decisive": 0.974025974025974,
      "routing_accuracy": 0.974025974025974,
      "strong_selected": 317,
      "weak_selected": 0,
      "avg_winrate": 0.5008841181403079,
      "winrate_std": 6.858453842316106e-05,
      "total_cost": 15.786457000000004,
      "avg_cost": 0.04979954889589907
    },
    "livemathbench": {
      "total": 37,
      "ties": 34,
      "decisive_total": 3,
      "selected_correct_total": 28,
      "selected_correct_decisive": 2,
      "routing_correct": 2,
      "selection_accuracy": 0.7567567567567568,
      "selection_accuracy_decisive": 0.6666666666666666,
      "routing_accuracy": 0.6666666666666666,
      "strong_selected": 37,
      "weak_selected": 0,
      "avg_winrate": 0.500736023928668,
      "winrate_std": 7.296229117939559e-05,
      "total_cost": 1.17261875,
      "avg_cost": 0.03169239864864865
    },
    "mmlupro": {
      "total": 900,
      "ties": 799,
      "decisive_total": 101,
      "selected_correct_total": 798,
      "selected_correct_decisive": 72,
      "routing_correct": 72,
      "selection_accuracy": 0.8866666666666667,
      "selection_accuracy_decisive": 0.7128712871287128,
      "routing_accuracy": 0.7128712871287128,
      "strong_selected": 900,
      "weak_selected": 0,
      "avg_winrate": 0.5008173920710881,
      "winrate_std": 8.5074857390312e-05,
      "total_cost": 10.575998749999998,
      "avg_cost": 0.01175110972222222
    },
    "simpleqa": {
      "total": 1298,
      "ties": 779,
      "decisive_total": 519,
      "selected_correct_total": 745,
      "selected_correct_decisive": 323,
      "routing_correct": 323,
      "selection_accuracy": 0.573959938366718,
      "selection_accuracy_decisive": 0.6223506743737958,
      "routing_accuracy": 0.6223506743737958,
      "strong_selected": 471,
      "weak_selected": 827,
      "avg_winrate": 0.4999624118094084,
      "winrate_std": 0.00011193347575086257,
      "total_cost": 6.434833810000004,
      "avg_cost": 0.004957499083204934
    },
    "swe-bench": {
      "total": 150,
      "ties": 111,
      "decisive_total": 39,
      "selected_correct_total": 33,
      "selected_correct_decisive": 21,
      "routing_correct": 21,
      "selection_accuracy": 0.22,
      "selection_accuracy_decisive": 0.5384615384615384,
      "routing_accuracy": 0.5384615384615384,
      "strong_selected": 150,
      "weak_selected": 0,
      "avg_winrate": 0.5004790031909943,
      "winrate_std": 3.540657237444973e-05,
      "total_cost": 7.2071250000000004,
      "avg_cost": 0.0480475
    },
    "tau2": {
      "total": 84,
      "ties": 52,
      "decisive_total": 32,
      "selected_correct_total": 52,
      "selected_correct_decisive": 25,
      "routing_correct": 25,
      "selection_accuracy": 0.6190476190476191,
      "selection_accuracy_decisive": 0.78125,
      "routing_accuracy": 0.78125,
      "strong_selected": 84,
      "weak_selected": 0,