{
  "total": 3858,
  "ties": 2780,
  "decisive_total": 1078,
  "selected_correct_total": 2351,
  "selected_correct_decisive": 763,
  "routing_correct": 736,
  "selection_accuracy": 0.6093831000518404,
  "selection_accuracy_decisive": 0.7077922077922078,
  "routing_accuracy": 0.6827458256029685,
  "strong_selected": 2753,
  "weak_selected": 1105,
  "avg_winrate": 0.5004473865928274,
  "winrate_std": 0.00045152543239298983,
  "total_cost": 126.01542924999974,
  "avg_cost": 0.0326634083074131,
  "indomain_avg": 0.6674215425339576,
  "ood_avg": 0.7476023391812866,
  "indomain_sample_avg": 0.6007709251101322,
  "ood_sample_avg": 0.7477876106194691,
  "all_dataset_avg": 0.6859248032987257,
  "sample_avg": 0.6093831000518404,
  "indomain_total_cost": 117.72492175,
  "indomain_avg_cost": 11.772492175,
  "ood_total_cost": 8.290507499999999,
  "ood_avg_cost": 2.7635024999999995,
  "datasets": {
    "aime": {
      "total": 18,
      "ties": 14,
      "decisive_total": 4,
      "selected_correct_total": 17,
      "selected_correct_decisive": 4,
      "routing_correct": 4,
      "selection_accuracy": 0.9444444444444444,
      "selection_accuracy_decisive": 1.0,
      "routing_accuracy": 1.0,
      "strong_selected": 18,
      "weak_selected": 0,
      "avg_winrate": 0.5006205373340182,
      "winrate_std": 7.181407961065313e-05,
      "total_cost": 2.0780212500000004,
      "avg_cost": 0.11544562500000002
    },
    "arc-agi": {
      "total": 120,
      "ties": 74,
      "decisive_total": 46,
      "selected_correct_total": 71,
      "selected_correct_decisive": 41,
      "routing_correct": 41,
      "selection_accuracy": 0.5916666666666667,
      "selection_accuracy_decisive": 0.8913043478260869,
      "routing_accuracy": 0.8913043478260869,
      "strong_selected": 120,
      "weak_selected": 0,
      "avg_winrate": 0.5007996832331022,
      "winrate_std": 2.953594880736771e-05,
      "total_cost": 15.667621499999996,
      "avg_cost": 0.13056351249999995
    },
    "arenahard_coding": {
      "total": 76,
      "ties": 39,
      "decisive_total": 37,
      "selected_correct_total": 60,
      "selected_correct_decisive": 26,
      "routing_correct": 18,
      "selection_accuracy": 0.7894736842105263,
      "selection_accuracy_decisive": 0.7027027027027027,
      "routing_accuracy": 0.4864864864864865,
      "strong_selected": 76,
      "weak_selected": 0,
      "avg_winrate": 0.5003893477352042,
      "winrate_std": 0.00010795122379646774,
      "total_cost": 3.1207524999999996,
      "avg_cost": 0.04106253289473684
    },
    "arenahard_creative_writing": {
      "total": 75,
      "ties": 47,
      "decisive_total": 28,
      "selected_correct_total": 64,
      "selected_correct_decisive": 17,
      "routing_correct": 7,
      "selection_accuracy": 0.8533333333333334,
      "selection_accuracy_decisive": 0.6071428571428571,
      "routing_accuracy": 0.25,
      "strong_selected": 75,
      "weak_selected": 0,
      "avg_winrate": 0.5002917011578878,
      "winrate_std": 8.365379275612502e-05,
      "total_cost": 2.553665,
      "avg_cost": 0.03404886666666667
    },
    "arenahard_math": {
      "total": 75,
      "ties": 31,
      "decisive_total": 44,
      "selected_correct_total": 45,
      "selected_correct_decisive": 23,
      "routing_correct": 14,
      "selection_accuracy": 0.6,
      "selection_accuracy_decisive": 0.5227272727272727,
      "routing_accuracy": 0.3181818181818182,
      "strong_selected": 75,
      "weak_selected": 0,
      "avg_winrate": 0.5004129036267598,
      "winrate_std": 0.00014590835701790717,
      "total_cost": 2.616089999999999,
      "avg_cost": 0.03488119999999999
    },
    "gpqa": {
      "total": 60,
      "ties": 37,
      "decisive_total": 23,
      "selected_correct_total": 52,
      "selected_correct_decisive": 21,
      "routing_correct": 21,
      "selection_accuracy": 0.8666666666666667,
      "selection_accuracy_decisive": 0.9130434782608695,
      "routing_accuracy": 0.9130434782608695,
      "strong_selected": 60,
      "weak_selected": 0,
      "avg_winrate": 0.5007487008968989,
      "winrate_std": 4.149806198862892e-05,
      "total_cost": 2.182285,
      "avg_cost": 0.03637141666666666
    },
    "hle": {
      "total": 648,
      "ties": 500,
      "decisive_total": 148,
      "selected_correct_total": 174,
      "selected_correct_decisive": 136,
      "routing_correct": 136,
      "selection_accuracy": 0.26851851851851855,
      "selection_accuracy_decisive": 0.918918918918919,
      "routing_accuracy": 0.918918918918919,
      "strong_selected": 648,
      "weak_selected": 0,
      "avg_winrate": 0.5009008221052311,
      "winrate_std": 0.00012025842986745532,
      "total_cost": 41.217506249999985,
      "avg_cost": 0.06360726273148146
    },
    "livecodebench": {
      "total": 317,
      "ties": 238,
      "decisive_total": 79,
      "selected_correct_total": 273,
      "selected_correct_decisive": 74,
      "routing_correct": 74,
      "selection_accuracy": 0.861198738170347,
      "selection_accuracy_decisive": 0.9367088607594937,
      "routing_accuracy": 0.9367088607594937,
      "strong_selected": 317,
      "weak_selected": 0,
      "avg_winrate": 0.5009219761150493,
      "winrate_std": 6.99323132908782e-05,
      "total_cost": 15.654268000000007,
      "avg_cost": 0.049382548895899075
    },
    "livemathbench": {
      "total": 37,
      "ties": 33,
      "decisive_total": 4,
      "selected_correct_total": 30,
      "selected_correct_decisive": 3,
      "routing_correct": 3,
      "selection_accuracy": 0.8108108108108109,
      "selection_accuracy_decisive": 0.75,
      "routing_accuracy": 0.75,
      "strong_selected": 37,
      "weak_selected": 0,
      "avg_winrate": 0.5006429730234919,
      "winrate_std": 7.165979299536179e-05,
      "total_cost": 1.8173499999999998,
      "avg_cost": 0.04911756756756756
    },
    "mmlupro": {
      "total": 900,
      "ties": 802,
      "decisive_total": 98,
      "selected_correct_total": 788,
      "selected_correct_decisive": 78,
      "routing_correct": 78,
      "selection_accuracy": 0.8755555555555555,
      "selection_accuracy_decisive": 0.7959183673469388,
      "routing_accuracy": 0.7959183673469388,
      "strong_selected": 900,
      "weak_selected": 0,
      "avg_winrate": 0.5007253900501463,
      "winrate_std": 8.06270539407248e-05,
      "total_cost": 11.069690000000005,
      "avg_cost": 0.012299655555555561
    },
    "simpleqa": {
      "total": 1298,
      "ties": 817,
      "decisive_total": 481,
      "selected_correct_total": 685,
      "selected_correct_decisive": 284,
      "routing_correct": 284,
      "selection_accuracy": 0.5277349768875192,
      "selection_accuracy_decisive": 0.5904365904365905,
      "routing_accuracy": 0.5904365904365905,
      "strong_selected": 193,
      "weak_selected": 1105,
      "avg_winrate": 0.49986261675831717,
      "winrate_std": 0.00013098947178936422,
      "total_cost": 2.532259249999999,
      "avg_cost": 0.0019508931047765787
    },
    "swe-bench": {
      "total": 150,
      "ties": 105,
      "decisive_total": 45,
      "selected_correct_total": 32,
      "selected_correct_decisive": 24,
      "routing_correct": 24,
      "selection_accuracy": 0.21333333333333335,
      "selection_accuracy_decisive": 0.5333333333333333,
      "routing_accuracy": 0.5333333333333333,
      "strong_selected": 150,
      "weak_selected": 0,
      "avg_winrate": 0.5005255818367005,
      "winrate_std": 3.3597034179299375e-05,
      "total_cost": 7.421154999999998,
      "avg_cost": 0.04947436666666665
    },
    "tau2": {
      "total": 84,
      "ties": 43,
      "decisive_total": 41,
      "selected_correct_total": 60,
      "selected_correct_decisive": 32,
      "routing_correct": 32,
      "selection_accuracy": 0.7142857142857143,
      "selection_accuracy_decisive": 0.7804878048780488,
      "routing_accuracy": 0.7804878048780488,
      "strong_selected": 84,
      "weak_selected": 0,