{
  "total": 3858,
  "ties": 2816,
  "decisive_total": 1042,
  "selected_correct_total": 2415,
  "selected_correct_decisive": 751,
  "routing_correct": 722,
  "selection_accuracy": 0.6259720062208398,
  "selection_accuracy_decisive": 0.7207293666026872,
  "routing_accuracy": 0.6928982725527831,
  "strong_selected": 2789,
  "weak_selected": 1069,
  "avg_winrate": 0.5045384985755428,
  "winrate_std": 0.004234185279725997,
  "total_cost": 126.14943107999983,
  "avg_cost": 0.0326981418040435,
  "indomain_avg": 0.6819422209275173,
  "ood_avg": 0.8007017543859649,
  "indomain_sample_avg": 0.6150881057268722,
  "ood_sample_avg": 0.8008849557522124,
  "all_dataset_avg": 0.7093482671102359,
  "sample_avg": 0.6259720062208398,
  "indomain_total_cost": 116.87091358000004,
  "indomain_avg_cost": 11.687091358000004,
  "ood_total_cost": 9.278517499999998,
  "ood_avg_cost": 3.092839166666666,
  "datasets": {
    "aime": {
      "total": 18,
      "ties": 17,
      "decisive_total": 1,
      "selected_correct_total": 18,
      "selected_correct_decisive": 1,
      "routing_correct": 1,
      "selection_accuracy": 1.0,
      "selection_accuracy_decisive": 1.0,
      "routing_accuracy": 1.0,
      "strong_selected": 18,
      "weak_selected": 0,
      "avg_winrate": 0.5063785049650404,
      "winrate_std": 0.000512836944737756,
      "total_cost": 1.0394062499999999,
      "avg_cost": 0.057744791666666656
    },
    "arc-agi": {
      "total": 120,
      "ties": 82,
      "decisive_total": 38,
      "selected_correct_total": 70,
      "selected_correct_decisive": 34,
      "routing_correct": 34,
      "selection_accuracy": 0.5833333333333334,
      "selection_accuracy_decisive": 0.8947368421052632,
      "routing_accuracy": 0.8947368421052632,
      "strong_selected": 120,
      "weak_selected": 0,
      "avg_winrate": 0.5079144224524498,
      "winrate_std": 0.0002688630602082876,
      "total_cost": 14.626549999999995,
      "avg_cost": 0.12188791666666662
    },
    "arenahard_coding": {
      "total": 76,
      "ties": 44,
      "decisive_total": 32,
      "selected_correct_total": 64,
      "selected_correct_decisive": 25,
      "routing_correct": 19,
      "selection_accuracy": 0.8421052631578947,
      "selection_accuracy_decisive": 0.78125,
      "routing_accuracy": 0.59375,
      "strong_selected": 76,
      "weak_selected": 0,
      "avg_winrate": 0.5037585661599511,
      "winrate_std": 0.001019416467568122,
      "total_cost": 3.533203749999999,
      "avg_cost": 0.046489523026315774
    },
    "arenahard_creative_writing": {
      "total": 75,
      "ties": 43,
      "decisive_total": 32,
      "selected_correct_total": 67,
      "selected_correct_decisive": 24,
      "routing_correct": 12,
      "selection_accuracy": 0.8933333333333333,
      "selection_accuracy_decisive": 0.75,
      "routing_accuracy": 0.375,
      "strong_selected": 75,
      "weak_selected": 0,
      "avg_winrate": 0.5023645607630411,
      "winrate_std": 0.0006784811118459331,
      "total_cost": 2.58495375,
      "avg_cost": 0.03446605
    },
    "arenahard_math": {
      "total": 75,
      "ties": 29,
      "decisive_total": 46,
      "selected_correct_total": 50,
      "selected_correct_decisive": 28,
      "routing_correct": 17,
      "selection_accuracy": 0.6666666666666666,
      "selection_accuracy_decisive": 0.6086956521739131,
      "routing_accuracy": 0.3695652173913043,
      "strong_selected": 75,
      "weak_selected": 0,
      "avg_winrate": 0.5038356884320577,
      "winrate_std": 0.0012140736238571046,
      "total_cost": 3.1603599999999994,
      "avg_cost": 0.04213813333333333
    },
    "gpqa": {
      "total": 60,
      "ties": 39,
      "decisive_total": 21,
      "selected_correct_total": 53,
      "selected_correct_decisive": 19,
      "routing_correct": 19,
      "selection_accuracy": 0.8833333333333333,
      "selection_accuracy_decisive": 0.9047619047619048,
      "routing_accuracy": 0.9047619047619048,
      "strong_selected": 60,
      "weak_selected": 0,
      "avg_winrate": 0.5075534800688426,
      "winrate_std": 0.00044184238137634534,
      "total_cost": 2.30446375,
      "avg_cost": 0.03840772916666667
    },
    "hle": {
      "total": 648,
      "ties": 504,
      "decisive_total": 144,
      "selected_correct_total": 168,
      "selected_correct_decisive": 124,
      "routing_correct": 124,
      "selection_accuracy": 0.25925925925925924,
      "selection_accuracy_decisive": 0.8611111111111112,
      "routing_accuracy": 0.8611111111111112,
      "strong_selected": 648,
      "weak_selected": 0,
      "avg_winrate": 0.5089655402633879,
      "winrate_std": 0.0011400581496770605,
      "total_cost": 40.55272374999999,
      "avg_cost": 0.06258136381172838
    },
    "livecodebench": {
      "total": 317,
      "ties": 231,
      "decisive_total": 86,
      "selected_correct_total": 273,
      "selected_correct_decisive": 78,
      "routing_correct": 78,
      "selection_accuracy": 0.861198738170347,
      "selection_accuracy_decisive": 0.9069767441860465,
      "routing_accuracy": 0.9069767441860465,
      "strong_selected": 317,
      "weak_selected": 0,
      "avg_winrate": 0.508462476429503,
      "winrate_std": 0.0005180741192549972,
      "total_cost": 17.423355000000008,
      "avg_cost": 0.054963264984227156
    },
    "livemathbench": {
      "total": 37,
      "ties": 32,
      "decisive_total": 5,
      "selected_correct_total": 32,
      "selected_correct_decisive": 2,
      "routing_correct": 2,
      "selection_accuracy": 0.8648648648648649,
      "selection_accuracy_decisive": 0.4,
      "routing_accuracy": 0.4,
      "strong_selected": 37,
      "weak_selected": 0,
      "avg_winrate": 0.5066289241249496,
      "winrate_std": 0.0005513330354527633,
      "total_cost": 1.2522799999999998,
      "avg_cost": 0.0338454054054054
    },
    "mmlupro": {
      "total": 900,
      "ties": 807,
      "decisive_total": 93,
      "selected_correct_total": 792,
      "selected_correct_decisive": 71,
      "routing_correct": 71,
      "selection_accuracy": 0.88,
      "selection_accuracy_decisive": 0.7634408602150538,
      "routing_accuracy": 0.7634408602150538,
      "strong_selected": 900,
      "weak_selected": 0,
      "avg_winrate": 0.5073703058560689,
      "winrate_std": 0.0006704577168741277,
      "total_cost": 10.717336250000013,
      "avg_cost": 0.011908151388888904
    },
    "simpleqa": {
      "total": 1298,
      "ties": 827,
      "decisive_total": 471,
      "selected_correct_total": 739,
      "selected_correct_decisive": 294,
      "routing_correct": 294,
      "selection_accuracy": 0.5693374422187981,
      "selection_accuracy_decisive": 0.6242038216560509,
      "routing_accuracy": 0.6242038216560509,
      "strong_selected": 229,
      "weak_selected": 1069,
      "avg_winrate": 0.4990677780289496,
      "winrate_std": 0.0010063734388240048,
      "total_cost": 2.9178878300000064,
      "avg_cost": 0.002247987542372886
    },
    "swe-bench": {
      "total": 150,
      "ties": 113,
      "decisive_total": 37,
      "selected_correct_total": 27,
      "selected_correct_decisive": 22,
      "routing_correct": 22,
      "selection_accuracy": 0.18,
      "selection_accuracy_decisive": 0.5945945945945946,
      "routing_accuracy": 0.5945945945945946,
      "strong_selected": 150,
      "weak_selected": 0,
      "avg_winrate": 0.504719823996226,
      "winrate_std": 0.00032743796243689367,
      "total_cost": 7.541215000000001,
      "avg_cost": 0.05027476666666667
    },
    "tau2": {
      "total": 84,
      "ties": 48,
      "decisive_total": 36,
      "selected_correct_total": 62,
      "selected_correct_decisive": 29,
      "routing_correct": 29,
      "selection_accuracy": 0.7380952380952381,
      "selection_accuracy_decisive": 0.8055555555555556,
      "routing_accuracy": 0.8055555555555556,
      "strong_selected": 84,
      "weak_selected": 0,
      "avg_winrate": 0.504432561142104,