{
  "total": 3858,
  "ties": 2805,
  "decisive_total": 1053,
  "selected_correct_total": 2384,
  "selected_correct_decisive": 764,
  "routing_correct": 735,
  "selection_accuracy": 0.6179367547952307,
  "selection_accuracy_decisive": 0.7255460588793922,
  "routing_accuracy": 0.698005698005698,
  "strong_selected": 2748,
  "weak_selected": 1110,
  "avg_winrate": 0.5084810279746201,
  "winrate_std": 0.00804980353165216,
  "total_cost": 124.66184446999998,
  "avg_cost": 0.03231255688698807,
  "indomain_avg": 0.6431758726216211,
  "ood_avg": 0.8184795321637427,
  "indomain_sample_avg": 0.6054515418502202,
  "ood_sample_avg": 0.8185840707964602,
  "all_dataset_avg": 0.6836305632851876,
  "sample_avg": 0.6179367547952307,
  "indomain_total_cost": 116.51421571999998,
  "indomain_avg_cost": 11.651421571999999,
  "ood_total_cost": 8.147628749999999,
  "ood_avg_cost": 2.7158762499999995,
  "datasets": {
    "aime": {
      "total": 18,
      "ties": 15,
      "decisive_total": 3,
      "selected_correct_total": 15,
      "selected_correct_decisive": 2,
      "routing_correct": 2,
      "selection_accuracy": 0.8333333333333334,
      "selection_accuracy_decisive": 0.6666666666666666,
      "routing_accuracy": 0.6666666666666666,
      "strong_selected": 18,
      "weak_selected": 0,
      "avg_winrate": 0.512189593580034,
      "winrate_std": 0.0012047960244899916,
      "total_cost": 1.4284662500000003,
      "avg_cost": 0.07935923611111112
    },
    "arc-agi": {
      "total": 120,
      "ties": 79,
      "decisive_total": 41,
      "selected_correct_total": 59,
      "selected_correct_decisive": 33,
      "routing_correct": 33,
      "selection_accuracy": 0.49166666666666664,
      "selection_accuracy_decisive": 0.8048780487804879,
      "routing_accuracy": 0.8048780487804879,
      "strong_selected": 120,
      "weak_selected": 0,
      "avg_winrate": 0.5150863806406657,
      "winrate_std": 0.0004905161862489272,
      "total_cost": 15.790489499999994,
      "avg_cost": 0.13158741249999995
    },
    "arenahard_coding": {
      "total": 76,
      "ties": 37,
      "decisive_total": 39,
      "selected_correct_total": 64,
      "selected_correct_decisive": 31,
      "routing_correct": 22,
      "selection_accuracy": 0.8421052631578947,
      "selection_accuracy_decisive": 0.7948717948717948,
      "routing_accuracy": 0.5641025641025641,
      "strong_selected": 76,
      "weak_selected": 0,
      "avg_winrate": 0.5069860141528281,
      "winrate_std": 0.0019231132771893348,
      "total_cost": 2.9593112500000003,
      "avg_cost": 0.038938305921052636
    },
    "arenahard_creative_writing": {
      "total": 75,
      "ties": 46,
      "decisive_total": 29,
      "selected_correct_total": 68,
      "selected_correct_decisive": 22,
      "routing_correct": 12,
      "selection_accuracy": 0.9066666666666666,
      "selection_accuracy_decisive": 0.7586206896551724,
      "routing_accuracy": 0.41379310344827586,
      "strong_selected": 75,
      "weak_selected": 0,
      "avg_winrate": 0.5044550879796346,
      "winrate_std": 0.0014221213358589797,
      "total_cost": 2.4398137500000003,
      "avg_cost": 0.03253085000000001
    },
    "arenahard_math": {
      "total": 75,
      "ties": 35,
      "decisive_total": 40,
      "selected_correct_total": 53,
      "selected_correct_decisive": 25,
      "routing_correct": 15,
      "selection_accuracy": 0.7066666666666667,
      "selection_accuracy_decisive": 0.625,
      "routing_accuracy": 0.375,
      "strong_selected": 75,
      "weak_selected": 0,
      "avg_winrate": 0.5072219888369243,
      "winrate_std": 0.002271547890768765,
      "total_cost": 2.748503749999999,
      "avg_cost": 0.036646716666666655
    },
    "gpqa": {
      "total": 60,
      "ties": 32,
      "decisive_total": 28,
      "selected_correct_total": 51,
      "selected_correct_decisive": 25,
      "routing_correct": 25,
      "selection_accuracy": 0.85,
      "selection_accuracy_decisive": 0.8928571428571429,
      "routing_accuracy": 0.8928571428571429,
      "strong_selected": 60,
      "weak_selected": 0,
      "avg_winrate": 0.5139443089564641,
      "winrate_std": 0.0009097412668453928,
      "total_cost": 2.7456337499999997,
      "avg_cost": 0.0457605625
    },
    "hle": {
      "total": 648,
      "ties": 500,
      "decisive_total": 148,
      "selected_correct_total": 160,
      "selected_correct_decisive": 126,
      "routing_correct": 126,
      "selection_accuracy": 0.24691358024691357,
      "selection_accuracy_decisive": 0.8513513513513513,
      "routing_accuracy": 0.8513513513513513,
      "strong_selected": 648,
      "weak_selected": 0,
      "avg_winrate": 0.5167007763628606,
      "winrate_std": 0.0020577095908096243,
      "total_cost": 39.09914499999998,
      "avg_cost": 0.06033818672839503
    },
    "livecodebench": {
      "total": 317,
      "ties": 238,
      "decisive_total": 79,
      "selected_correct_total": 273,
      "selected_correct_decisive": 71,
      "routing_correct": 71,
      "selection_accuracy": 0.861198738170347,
      "selection_accuracy_decisive": 0.8987341772151899,
      "routing_accuracy": 0.8987341772151899,
      "strong_selected": 317,
      "weak_selected": 0,
      "avg_winrate": 0.5161533297424437,
      "winrate_std": 0.000918886242411647,
      "total_cost": 16.115912000000005,
      "avg_cost": 0.050838839116719256
    },
    "livemathbench": {
      "total": 37,
      "ties": 32,
      "decisive_total": 5,
      "selected_correct_total": 31,
      "selected_correct_decisive": 4,
      "routing_correct": 4,
      "selection_accuracy": 0.8378378378378378,
      "selection_accuracy_decisive": 0.8,
      "routing_accuracy": 0.8,
      "strong_selected": 37,
      "weak_selected": 0,
      "avg_winrate": 0.5123340149183531,
      "winrate_std": 0.0010156753479970571,
      "total_cost": 1.3102850000000001,
      "avg_cost": 0.03541310810810811
    },
    "mmlupro": {
      "total": 900,
      "ties": 811,
      "decisive_total": 89,
      "selected_correct_total": 783,
      "selected_correct_decisive": 66,
      "routing_correct": 66,
      "selection_accuracy": 0.87,
      "selection_accuracy_decisive": 0.7415730337078652,
      "routing_accuracy": 0.7415730337078652,
      "strong_selected": 900,
      "weak_selected": 0,
      "avg_winrate": 0.513877077764935,
      "winrate_std": 0.0012926984169611938,
      "total_cost": 10.561713750000004,
      "avg_cost": 0.011735237500000006
    },
    "simpleqa": {
      "total": 1298,
      "ties": 811,
      "decisive_total": 487,
      "selected_correct_total": 744,
      "selected_correct_decisive": 314,
      "routing_correct": 314,
      "selection_accuracy": 0.5731895223420647,
      "selection_accuracy_decisive": 0.6447638603696099,
      "routing_accuracy": 0.6447638603696099,
      "strong_selected": 188,
      "weak_selected": 1110,
      "avg_winrate": 0.4980305556569518,
      "winrate_std": 0.00186829667522113,
      "total_cost": 2.512455220000002,
      "avg_cost": 0.0019356357627118659
    },
    "swe-bench": {
      "total": 150,
      "ties": 118,
      "decisive_total": 32,
      "selected_correct_total": 23,
      "selected_correct_decisive": 17,
      "routing_correct": 17,
      "selection_accuracy": 0.15333333333333332,
      "selection_accuracy_decisive": 0.53125,
      "routing_accuracy": 0.53125,
      "strong_selected": 150,
      "weak_selected": 0,
      "avg_winrate": 0.5091974822680155,
      "winrate_std": 0.00047551886101945904,
      "total_cost": 7.041906249999999,
      "avg_cost": 0.04694604166666666
    },
    "tau2": {
      "total": 84,
      "ties": 51,
      "decisive_total": 33,
      "selected_correct_total": 60,
      "selected_correct_decisive": 28,
      "routing_correct": 28,
      "selection_accuracy": 0.7142857142857143,
      "selection_accuracy_decisive": 0.8484848484848485,
      "routing_accuracy": 0.8484848484848485,
      "strong_selected": 84,
      "weak_selected": 0,