{
  "total": 3858,
  "ties": 2800,
  "decisive_total": 1058,
  "selected_correct_total": 2326,
  "selected_correct_decisive": 757,
  "routing_correct": 728,
  "selection_accuracy": 0.6029030585795749,
  "selection_accuracy_decisive": 0.7155009451795841,
  "routing_accuracy": 0.6880907372400756,
  "strong_selected": 2724,
  "weak_selected": 1134,
  "avg_winrate": 0.5014315047154098,
  "winrate_std": 0.0013650169765594582,
  "total_cost": 124.96058014999967,
  "avg_cost": 0.03238998967081381,
  "indomain_avg": 0.6361324511291986,
  "ood_avg": 0.8227485380116959,
  "indomain_sample_avg": 0.5892070484581498,
  "ood_sample_avg": 0.8230088495575221,
  "all_dataset_avg": 0.6791977019482365,
  "sample_avg": 0.6029030585795749,
  "indomain_total_cost": 116.09967765000002,
  "indomain_avg_cost": 11.609967765000002,
  "ood_total_cost": 8.8609025,
  "ood_avg_cost": 2.953634166666667,
  "datasets": {
    "aime": {
      "total": 18,
      "ties": 15,
      "decisive_total": 3,
      "selected_correct_total": 15,
      "selected_correct_decisive": 2,
      "routing_correct": 2,
      "selection_accuracy": 0.8333333333333334,
      "selection_accuracy_decisive": 0.6666666666666666,
      "routing_accuracy": 0.6666666666666666,
      "strong_selected": 18,
      "weak_selected": 0,
      "avg_winrate": 0.5020363761319054,
      "winrate_std": 0.00016471000597482324,
      "total_cost": 1.93313625,
      "avg_cost": 0.10739645833333333
    },
    "arc-agi": {
      "total": 120,
      "ties": 82,
      "decisive_total": 38,
      "selected_correct_total": 59,
      "selected_correct_decisive": 34,
      "routing_correct": 34,
      "selection_accuracy": 0.49166666666666664,
      "selection_accuracy_decisive": 0.8947368421052632,
      "routing_accuracy": 0.8947368421052632,
      "strong_selected": 120,
      "weak_selected": 0,
      "avg_winrate": 0.5025694370269775,
      "winrate_std": 8.638195338332597e-05,
      "total_cost": 15.389615499999998,
      "avg_cost": 0.12824679583333332
    },
    "arenahard_coding": {
      "total": 76,
      "ties": 38,
      "decisive_total": 38,
      "selected_correct_total": 67,
      "selected_correct_decisive": 31,
      "routing_correct": 25,
      "selection_accuracy": 0.881578947368421,
      "selection_accuracy_decisive": 0.8157894736842105,
      "routing_accuracy": 0.6578947368421053,
      "strong_selected": 76,
      "weak_selected": 0,
      "avg_winrate": 0.501160237349962,
      "winrate_std": 0.0003664971407720165,
      "total_cost": 3.5206799999999996,
      "avg_cost": 0.04632473684210526
    },
    "arenahard_creative_writing": {
      "total": 75,
      "ties": 44,
      "decisive_total": 31,
      "selected_correct_total": 70,
      "selected_correct_decisive": 26,
      "routing_correct": 9,
      "selection_accuracy": 0.9333333333333333,
      "selection_accuracy_decisive": 0.8387096774193549,
      "routing_accuracy": 0.2903225806451613,
      "strong_selected": 75,
      "weak_selected": 0,
      "avg_winrate": 0.5007637898127238,
      "winrate_std": 0.00022173413924503308,
      "total_cost": 2.3900799999999998,
      "avg_cost": 0.03186773333333333
    },
    "arenahard_math": {
      "total": 75,
      "ties": 37,
      "decisive_total": 38,
      "selected_correct_total": 49,
      "selected_correct_decisive": 21,
      "routing_correct": 15,
      "selection_accuracy": 0.6533333333333333,
      "selection_accuracy_decisive": 0.5526315789473685,
      "routing_accuracy": 0.39473684210526316,
      "strong_selected": 75,
      "weak_selected": 0,
      "avg_winrate": 0.5012199560801188,
      "winrate_std": 0.0003846117852470928,
      "total_cost": 2.9501425000000006,
      "avg_cost": 0.03933523333333334
    },
    "gpqa": {
      "total": 60,
      "ties": 40,
      "decisive_total": 20,
      "selected_correct_total": 54,
      "selected_correct_decisive": 19,
      "routing_correct": 19,
      "selection_accuracy": 0.9,
      "selection_accuracy_decisive": 0.95,
      "routing_accuracy": 0.95,
      "strong_selected": 60,
      "weak_selected": 0,
      "avg_winrate": 0.5023658027251562,
      "winrate_std": 0.0001459687283843579,
      "total_cost": 2.1836825,
      "avg_cost": 0.03639470833333334
    },
    "hle": {
      "total": 648,
      "ties": 483,
      "decisive_total": 165,
      "selected_correct_total": 182,
      "selected_correct_decisive": 143,
      "routing_correct": 143,
      "selection_accuracy": 0.2808641975308642,
      "selection_accuracy_decisive": 0.8666666666666667,
      "routing_accuracy": 0.8666666666666667,
      "strong_selected": 648,
      "weak_selected": 0,
      "avg_winrate": 0.502736798591084,
      "winrate_std": 0.0003709387998618561,
      "total_cost": 40.551694999999974,
      "avg_cost": 0.06257977623456785
    },
    "livecodebench": {
      "total": 317,
      "ties": 239,
      "decisive_total": 78,
      "selected_correct_total": 265,
      "selected_correct_decisive": 71,
      "routing_correct": 71,
      "selection_accuracy": 0.8359621451104101,
      "selection_accuracy_decisive": 0.9102564102564102,
      "routing_accuracy": 0.9102564102564102,
      "strong_selected": 317,
      "weak_selected": 0,
      "avg_winrate": 0.5028166955201784,
      "winrate_std": 0.000179197223255609,
      "total_cost": 17.187501,
      "avg_cost": 0.054219246056782334
    },
    "livemathbench": {
      "total": 37,
      "ties": 34,
      "decisive_total": 3,
      "selected_correct_total": 30,
      "selected_correct_decisive": 2,
      "routing_correct": 2,
      "selection_accuracy": 0.8108108108108109,
      "selection_accuracy_decisive": 0.6666666666666666,
      "routing_accuracy": 0.6666666666666666,
      "strong_selected": 37,
      "weak_selected": 0,
      "avg_winrate": 0.5020856728424897,
      "winrate_std": 0.00020332425042913853,
      "total_cost": 1.52651375,
      "avg_cost": 0.041257128378378374
    },
    "mmlupro": {
      "total": 900,
      "ties": 819,
      "decisive_total": 81,
      "selected_correct_total": 774,
      "selected_correct_decisive": 60,
      "routing_correct": 60,
      "selection_accuracy": 0.86,
      "selection_accuracy_decisive": 0.7407407407407407,
      "routing_accuracy": 0.7407407407407407,
      "strong_selected": 900,
      "weak_selected": 0,
      "avg_winrate": 0.5023696544435289,
      "winrate_std": 0.0002239563338452149,
      "total_cost": 10.70279250000002,
      "avg_cost": 0.01189199166666669
    },
    "simpleqa": {
      "total": 1298,
      "ties": 813,
      "decisive_total": 485,
      "selected_correct_total": 685,
      "selected_correct_decisive": 299,
      "routing_correct": 299,
      "selection_accuracy": 0.5277349768875192,
      "selection_accuracy_decisive": 0.6164948453608248,
      "routing_accuracy": 0.6164948453608248,
      "strong_selected": 164,
      "weak_selected": 1134,
      "avg_winrate": 0.49965589760999285,
      "winrate_std": 0.00031777974573783685,
      "total_cost": 2.120239150000001,
      "avg_cost": 0.0016334662172573199
    },
    "swe-bench": {
      "total": 150,
      "ties": 116,
      "decisive_total": 34,
      "selected_correct_total": 16,
      "selected_correct_decisive": 13,
      "routing_correct": 13,
      "selection_accuracy": 0.10666666666666667,
      "selection_accuracy_decisive": 0.38235294117647056,
      "routing_accuracy": 0.38235294117647056,
      "strong_selected": 150,
      "weak_selected": 0,
      "avg_winrate": 0.501698811451594,
      "winrate_std": 8.472212217624981e-05,
      "total_cost": 7.4468925000000015,
      "avg_cost": 0.04964595000000001
    },
    "tau2": {
      "total": 84,
      "ties": 40,
      "decisive_total": 44,
      "selected_correct_total": 60,
      "selected_correct_decisive": 36,
      "routing_correct": 36,
      "selection_accuracy": 0.7142857142857143,
      "selection_accuracy_decisive": 0.8181818181818182,
      "routing_accuracy": 0.8181818181818182,
      "strong_selected": 84,