seed,aime,arc-agi,gpqa,hle,livecodebench,livemathbench,mmlupro,simpleqa,swe-bench,tau2,arenahard_coding,arenahard_math,arenahard_creative_writing,indomain_avg,ood_avg,indomain_sample_avg,ood_sample_avg,all_dataset_avg,sample_avg
42,83.33333333333334,49.166666666666664,90.0,28.08641975308642,83.59621451104101,81.08108108108108,86.0,52.773497688751924,10.666666666666668,71.42857142857143,88.1578947368421,65.33333333333333,93.33333333333333,63.613245112919856,82.27485380116958,58.920704845814974,82.30088495575221,67.91977019482364,60.29030585795749
999,83.33333333333334,57.49999999999999,78.33333333333333,26.69753086419753,86.1198738170347,75.67567567567568,88.66666666666667,57.3959938366718,22.0,61.904761904761905,82.89473684210526,69.33333333333334,90.66666666666666,63.76271694316748,80.96491228070177,61.481277533039645,80.97345132743364,67.73245432875233,62.62312078797304
2024,100.0,58.333333333333336,88.33333333333333,25.925925925925924,86.1198738170347,86.48648648648648,88.0,56.93374422187981,18.0,73.80952380952381,84.21052631578947,66.66666666666666,89.33333333333333,68.19422209275173,80.0701754385965,61.508810572687224,80.08849557522124,70.93482671102359,62.59720062208398
2025,83.33333333333334,49.166666666666664,85.0,24.691358024691358,86.1198738170347,83.78378378378379,87.0,57.31895223420646,15.333333333333332,71.42857142857143,84.21052631578947,70.66666666666667,90.66666666666666,64.3175872621621,81.84795321637426,60.54515418502202,81.85840707964603,68.36305632851875,61.79367547952307
3407,94.44444444444444,59.166666666666664,86.66666666666667,26.851851851851855,86.1198738170347,81.08108108108108,87.55555555555556,52.773497688751924,21.333333333333336,71.42857142857143,78.94736842105263,60.0,85.33333333333334,66.74215425339575,74.76023391812866,60.07709251101322,74.77876106194691,68.59248032987257,60.938310005184036
