seed,aime,arc-agi,gpqa,hle,livecodebench,livemathbench,mmlupro,simpleqa,swe-bench,tau2,arenahard_coding,arenahard_math,arenahard_creative_writing,indomain_total_cost,ood_total_cost,total_cost
42,1.93313625,15.389615499999998,2.1836825,40.551694999999974,17.187501,1.52651375,10.70279250000002,2.120239150000001,7.4468925000000015,17.057609500000005,3.5206799999999996,2.9501425000000006,2.3900799999999998,116.09967765000002,8.8609025,124.96058014999967
999,1.8337275000000002,15.676750499999995,2.8403887500000002,39.27241875,15.786457000000004,1.17261875,10.575998749999998,6.434833810000004,7.2071250000000004,17.33134675000001,3.2609387500000007,2.834385,2.3908912499999997,118.13166556,8.486215000000001,126.61788055999992
2024,1.0394062499999999,14.626549999999995,2.30446375,40.55272374999999,17.423355000000008,1.2522799999999998,10.717336250000013,2.9178878300000064,7.541215000000001,18.495695750000003,3.533203749999999,3.1603599999999994,2.58495375,116.87091358000004,9.278517499999998,126.14943107999983
2025,1.4284662500000003,15.790489499999994,2.7456337499999997,39.09914499999998,16.115912000000005,1.3102850000000001,10.561713750000004,2.512455220000002,7.041906249999999,19.908208999999996,2.9593112500000003,2.748503749999999,2.4398137500000003,116.51421571999998,8.147628749999999,124.66184446999998
3407,2.0780212500000004,15.667621499999996,2.182285,41.217506249999985,15.654268000000007,1.8173499999999998,11.069690000000005,2.532259249999999,7.421154999999998,18.0847655,3.1207524999999996,2.616089999999999,2.553665,117.72492175,8.290507499999999,126.01542924999974
